sample_id;prediction
131672_1767670500;65.07493926093122
131672_1767670800;125.71448396126407
131672_1767671100;149.18929669129375
131672_1767671400;112.63671918573239
134040_1767672000;63.09767982540006
134040_1767672300;93.33626741159692
134040_1767672600;68.97722323241214
134040_1767672900;56.027403647729855
134040_1767673200;148.3150812037278
134040_1767673500;165.7733864138538
122048_1767673800;54.51983241940653
122048_1767674100;-2.0949142422236804
122048_1767674400;-16.940973449526204
122048_1767674700;-38.94053820847438
122048_1767675000;-9.724993068567876
122048_1767675300;-44.32614496915721
131672_1767675600;-33.176830861329506
131672_1767675900;-40.61107794517817
131672_1767676200;-37.57615233542889
131672_1767676500;-15.526176317150679
131672_1767676800;2.4455918648284865
131672_1767677100;1.2216652538088937
122658_1767679500;20.739690242379496
122658_1767679800;102.10578283947538
122658_1767680100;141.5048084180936
122658_1767680400;157.35927725054287
122658_1767680700;269.4666014503657
134040_1767684600;94.89414391334795
130238_1767684600;46.71866350806603
130238_1767684900;44.864916801297255
134040_1767684900;33.743116717154024
134040_1767685200;81.17449773708336
130238_1767685200;20.52394457126346
134040_1767685500;70.66300750207131
130238_1767685500;55.002211996911754
134040_1767685800;127.66842707757797
130238_1767685800;59.2263595546172
130238_1767686100;49.82478570204492
134040_1767686100;74.60477703260088
122658_1767686400;-10.148207258688686
122658_1767686700;24.99466387785469
122658_1767687000;-1.507485642436194
122658_1767687300;9.220857786191798
122658_1767687600;30.031536433457873
122658_1767687900;102.02803602395868
122613_1767690000;59.95209019697458
122613_1767690300;56.417163015032926
122613_1767690600;86.24028547315893
122613_1767690900;75.07697498283002
122613_1767691200;28.466185391771074
122613_1767691500;23.262323337782
122048_1767695400;-147.9188060905999
122048_1767695700;24.859445791227024
122048_1767696000;-22.162021405102962
122048_1767696300;-39.547837138597004
122048_1767696600;-81.99015047881952
122048_1767696900;-132.3229541201291
133300_1767699000;-13.986941165126517
122048_1767699000;-173.61400125601452
133300_1767699300;-34.74145876426181
122048_1767699300;-255.84249509365168
122048_1767699600;-219.75543543152256
133300_1767699600;124.32334646696786
122048_1767699900;-174.51539828311627
133300_1767699900;82.01483644319592
122048_1767700200;54.0754064658531
133300_1767700200;53.64996987511863
122048_1767700500;168.995798296091
133300_1767700500;85.90591448132777
133957_1767700800;33.63116957257874
133957_1767701100;162.662540407466
133957_1767701400;152.9509287187194
133957_1767701700;102.08909300835374
133957_1767702000;120.63758444788296
133957_1767702300;92.52467937279819
129964_1767702600;7.717999137432724
129964_1767702900;-77.53161195503637
129964_1767703200;-31.62810213448997
129964_1767703500;-23.332879057260485
129964_1767704100;-113.17417419236165
122658_1767706200;3.5134259902446843
122658_1767706500;-15.517909917268938
122658_1767706800;-0.40232676942670764
122658_1767707100;10.787655702213286
122658_1767707400;4.377922903242492
131672_1767709800;115.43881258964544
122048_1767709800;-150.98676803251547
131672_1767710100;-18.501739441308807
122048_1767710100;-57.88678678846412
131672_1767710400;-55.8041164843073
122048_1767710400;8.020931313509703
122048_1767710700;-7.067574354913447
131672_1767710700;-77.61662794616032
131672_1767711000;5.885510422900666
122048_1767711000;107.26259302371281
122048_1767711300;9.624908823504608
131672_1767711300;-57.295051204097206
132430_1767713400;284.91796976687976
133300_1767713400;-31.647786454147386
132430_1767713700;351.8787738154829
133300_1767713700;19.72029128249597
133300_1767714000;84.92104831151076
132430_1767714000;343.086436413872
132430_1767714300;268.0491037617033
133300_1767714600;-23.439275165788793
132430_1767714600;342.82604891785525
132430_1767714900;378.84414069937833
133300_1767714900;-57.151001872833845
122048_1767717000;-1.9768258095472753
122048_1767717300;-9.634534883403063
122048_1767717600;0.5317477086859519
122613_1767718800;61.11527234907417
132430_1767720000;61.06766828142339
132430_1767720300;55.96227634211129
131672_1767722400;133.18560323643365
131672_1767722700;88.69414306299984
131672_1767723000;159.12371829451342
131672_1767723300;251.3062487705509
131672_1767723600;323.94659818875954
131672_1767723900;276.2246072062194
133957_1767724200;186.44995013471356
132430_1767727800;258.96485725492425
132430_1767728100;311.8610693024495
132430_1767728400;124.3273668315761
132430_1767728700;219.1337564871737
132430_1767729000;128.4307813512651
132430_1767729300;106.71640702471527
122048_1767731400;0.9219070803728151
122048_1767731700;3.4570953808829366
122048_1767732000;7.401397593208564
122048_1767732300;-0.2282344420814013
122048_1767732600;11.95841055245051
122048_1767732900;21.94475193674952
134040_1767733200;416.8376668036656
134040_1767733500;425.0292603141142
134040_1767733800;474.5090526425733
134040_1767734100;481.7030451106708
134040_1767734400;449.48645509111867
134040_1767734700;412.51465621107747
130072_1767736800;1.304780602408357
130072_1767737100;-13.780540436462324
130072_1767737400;-11.037158398750435
130072_1767737700;5.234913705868294
130072_1767738000;-2.8166843758974807
130072_1767738300;-1.2019289347173086
130072_1767742200;37.38562245395046
130072_1767742500;10.901521894294348
130072_1767742800;16.757475974987166
130072_1767743100;-0.058806722267458866
130072_1767743400;14.061550870027318
130072_1767743700;-10.750038097079077
